Id,Name,CPF,Email,Phone,Password
K9A2L4M1,Adriano Silva,12345678901,adriano.silva@email.com,11988880001,pass123
B7V3X9Z2,Alice Santos,23456789012,alice.santos@email.com,11988880002,safe987
J1K8L2M3,Amanda Costa,34567890123,amanda.costa@email.com,11988880003,amanda123
N4O7P1Q9,Ana Oliveira,45678901234,ana.oliveira@email.com,11988880004,ana2024
R2S5T8U0,Andre Souza,56789012345,andre.souza@email.com,11988880005,andre#99
W3X6Y9Z1,Antonia Rocha,67890123456,antonia.rocha@email.com,11988880006,ant1234
A1B2C3D4,Beatriz Lima,78901234567,beatriz.lima@email.com,11988880007,bea@pass
E5F6G7H8,Bruno Ferreira,89012345678,bruno.ferreira@email.com,11988880008,bruno!08
I9J0K1L2,Caio Martins,90123456789,caio.martins@email.com,11988880009,caio9988
M3N4O5P6,Camila Alves,01234567890,camila.alves@email.com,11988880010,cami_776
Q7R8S9T0,Carlos Gomes,11234567891,carlos.gomes@email.com,11988880011,carlos12
U1V2W3X4,Carolina Pereira,21234567892,carol.pereira@email.com,11988880012,carol_pwd
Y5Z6A7B8,Claudio Ribeiro,31234567893,claudio.ribeiro@email.com,11988880013,claudio7
C9D0E1F2,Cristiane Melo,41234567894,cris.melo@email.com,11988880014,cris8899
G3H4I5J6,Daniela Barros,51234567895,daniela.barros@email.com,11988880015,dani_123
K7L8M9N0,Danilo Farias,61234567896,danilo.farias@email.com,11988880016,danilo96
O1P2Q3R4,Debora Nascimento,71234567897,debora.nasci@email.com,11988880017,deb@2024
S5T6U7V8,Diego Ramos,81234567898,diego.ramos@email.com,11988880018,diego_pw
W9X0Y1Z2,Douglas Castro,91234567899,douglas.castro@email.com,11988880019,doug1234
A3B4C5D6,Edson Freitas,02234567890,edson.freitas@email.com,11988880020,edson#10
E7F8G9H0,Eliana Machado,12234567891,eliana.machado@email.com,11988880021,eli_9988
I1J2K3L4,Fabiana Cardoso,22234567892,fabiana.cardoso@email.com,11988880022,fabi1234
M5N6O7P8,Fabio Araujo,32234567893,fabio.araujo@email.com,11988880023,fabio_01
Q9R0S1T2,Felipe Barbosa,42234567894,felipe.barbosa@email.com,11988880024,felipe77
U3V4W5X6,Fernanda Correia,52234567895,fernanda.corr@email.com,11988880025,nanda123
Y7Z8A9B0,Flavia Mendes,62234567896,flavia.mendes@email.com,11988880026,flav_909
C1D2E3F4,Gabriel Vieira,72234567897,gabriel.vieira@email.com,11988880027,gabs_123
G5H6I7J8,Gisele Carvalho,82234567898,gisele.carv@email.com,11988880028,gisa8877
K9L0M1N2,Guilherme Santos,92234567899,gui.santos@email.com,11988880029,guigui10
O3P4Q5R6,Gustavo Lima,03234567890,gustavo.lima@email.com,11988880030,gust1234
S7T8U9V0,Helena Souza,13234567891,helena.souza@email.com,11988880031,hele_pwr
W1X2Y3Z4,Igor Oliveira,23234567892,igor.oliveira@email.com,11988880032,igor_321
A5B6C7D8,Isabela Silva,33234567893,isabela.silva@email.com,11988880033,isa_7788
E9F0G1H2,Jair Santos,43234567894,jair.santos@email.com,11988880034,jair1234
I3J4K5L6,Jessica Costa,53234567895,jessica.costa@email.com,11988880035,jess_pwd
M7N8O9P0,Joao Ferreira,63234567896,joao.ferreira@email.com,11988880036,joao1020
Q1R2S3T4,Jorge Alvares,73234567897,jorge.alva@email.com,11988880037,jorge#88
U5V6W7X8,Josefa Ramos,83234567898,josefa.ramos@email.com,11988880038,josef123
Y9Z0A1B2,Juliana Dias,93234567899,juliana.dias@email.com,11988880039,juli_445
C3D4E5F6,Kleber Rocha,04234567890,kleber.rocha@email.com,11988880040,kleber10
G7H8I9J0,Larissa Melo,14234567891,larissa.melo@email.com,11988880041,lari_098
K1L2M3N4,Leandro Neves,24234567892,leandro.neves@email.com,11988880042,lean1234
O5P6Q7R8,Leonardo Silva,34234567893,leo.silva@email.com,11988880043,leo_pass
S9T0U1V2,Leticia Lima,44234567894,leticia.lima@email.com,11988880044,leti_pw
W3X4Y5Z6,Lucas Santos,54234567895,lucas.santos@email.com,11988880045,lucas999
A7B8C9D0,Luciana Gomes,64234567896,luciana.gomes@email.com,11988880046,lu_gomes
E1F2G3H4,Luis Moreira,74234567897,luis.moreira@email.com,11988880047,luis_pwd
I5J6K7L8,Luiz Carlos,84234567898,luiz.carlos@email.com,11988880048,luiz1234
M9N0O1P2,Marcelo Silva,94234567899,marcelo.silva@email.com,11988880049,mar_7788
Q3R4S5T6,Marcia Alves,05234567890,marcia.alves@email.com,11988880050,marcia10
U7V8W9X0,Marcos Ramos,15234567891,marcos.ramos@email.com,11988880051,marcos#1
Y1Z2A3B4,Maria Eduarda,25234567892,maria.edu@email.com,11988880052,madu1234
C5D6E7F8,Mariana Costa,35234567893,mariana.costa@email.com,11988880053,mari_pw
G9H0I1J2,Mario Ferreira,45234567894,mario.ferr@email.com,11988880054,mario123
K3L4M5N6,Mateus Lima,55234567895,mateus.lima@email.com,11988880055,mat_9988
O7P8Q9R0,Mauricio Souza,65234567896,mauricio.sou@email.com,11988880056,mau_1234
S1T2U3V4,Milena Santos,75234567897,milena.santos@email.com,11988880057,mi_santos
W5X6Y7Z8,Monica Rocha,85234567898,monica.rocha@email.com,11988880058,monica90
A9B0C1D2,Natalia Melo,95234567899,nat.melo@email.com,11988880059,nat_1234
E3F4G5H6,Nelson Gomes,06234567890,nelson.gomes@email.com,11988880060,nelson#5
I7J8K9L0,Olivia Pereira,16234567891,olivia.pereira@email.com,11988880061,oli_pwd
M1N2O3P4,Orlando Silva,26234567892,orlando.silva@email.com,11988880062,orlan123
Q5R6S7T8,Patricia Alves,36234567893,patricia.alves@email.com,11988880063,paty_778
U9V0W1X2,Paulo Souza,46234567894,paulo.souza@email.com,11988880064,paulo101
Y3Z4A5B6,Pedro Santos,56234567895,pedro.santos@email.com,11988880065,pedro#99
C7D8E9F0,Priscila Lima,66234567896,priscila.lima@email.com,11988880066,pri_1234
G1H2I3J4,Rafael Costa,76234567897,rafael.costa@email.com,11988880067,raf_8877
K5L6M7N8,Raquel Ferreira,86234567898,raquel.ferr@email.com,11988880068,raquel12
O9P0Q1R2,Regina Ramos,96234567899,regina.ramos@email.com,11988880069,regi_pw
S3T4U5V6,Renan Oliveira,07234567890,renan.oliv@email.com,11988880070,renan#10
W7X8Y9Z0,Renata Melo,17234567891,renata.melo@email.com,11988880071,rena_778
A1B2C3D4,Ricardo Silva,27234567892,ricardo.silva@email.com,11988880072,rica1234
E5F6G7H8,Roberto Costa,37234567893,roberto.costa@email.com,11988880073,rob_pwd
I9J0K1L2,Rodrigo Lima,47234567894,rodrigo.lima@email.com,11988880074,rodrigo9
M3N4O5P6,Rogerio Souza,57234567895,rogerio.sou@email.com,11988880075,roger10
Q7R8S9T0,Rosana Pereira,67234567896,rosana.per@email.com,11988880076,rosa_123
U1V2W3X4,Samuel Rocha,77234567897,samuel.rocha@email.com,11988880077,samu#88
Y5Z6A7B8,Sandra Gomes,87234567898,sandra.gomes@email.com,11988880078,sandra12
C9D0E1F2,Sergio Santos,97234567899,sergio.santos@email.com,11988880079,sergio_p
G3H4I5J6,Silvia Melo,08234567890,silvia.melo@email.com,11988880080,silvia77
K7L8M9N0,Simone Oliveira,18234567891,simone.oliv@email.com,11988880081,simone10
O1P2Q3R4,Tadeu Silva,28234567892,tadeu.silva@email.com,11988880082,tadeu#22
S5T6U7V8,Tatiane Ramos,38234567893,tati.ramos@email.com,11988880083,tati_pwd
W9X0Y1Z2,Tereza Costa,48234567894,tereza.costa@email.com,11988880084,tere1234
A3B4C5D6,Thiago Ferreira,58234567895,thiago.ferr@email.com,11988880085,thiago99
E7F8G9H0,Tiago Lima,68234567891,tiago.lima@email.com,11988880086,tiago_pw
I1J2K3L4,Vagner Souza,78234567892,vagner.souza@email.com,11988880087,vagner12
M5N6O7P8,Valentina Dias,88234567893,vale.dias@email.com,11988880088,vale_778
Q9R0S1T2,Valter Rocha,98234567894,valter.rocha@email.com,11988880089,valter#9
U3V4W5X6,Vanessa Melo,09234567890,vanessa.melo@email.com,11988880090,vanessa1
Y7Z8A9B0,Vera Lucia,19234567891,vera.lucia@email.com,11988880091,vera_pwd
C1D2E3F4,Vicente Gomes,29234567892,vicente.gom@email.com,11988880092,vicente9
G5H6I7J8,Victor Silva,39234567893,victor.silva@email.com,11988880093,victor12
K9L0M1N2,Vinicius Costa,49234567894,vini.costa@email.com,11988880094,vini_887
O3P4Q5R6,Vitor Oliveira,59234567895,vitor.oliv@email.com,11988880095,vitor#22
S7T8U9V0,Viviane Ramos,69234567896,vivi.ramos@email.com,11988880096,vivi1234
W1X2Y3Z4,Wagner Ferreira,79234567897,wagner.ferr@email.com,11988880097,wagner#1
A5B6C7D8,Walisson Santos,89234567898,wali.santos@email.com,11988880098,wali_pw
E9F0G1H2,Wilson Lima,99234567899,wilson.lima@email.com,11988880099,wilson12
I3J4K5L6,Yuri Costa,00334567890,yuri.costa@email.com,11988880100,yuri#2024
